State1,2014Q3,2014Q4,2015,2015Q1,2015Q2,2015Q3,2015Q4,2016,2016Q1,2016Q2,2016Q3,2016Q4,2017,2017Q1,2017Q2,2017Q3,2017Q4,2018Q1,2018Q2,2018Q3,2018Q4,2019Q1,2019Q2,2019Q3,2019Q4,2020Q1,2020Q2,2020Q3,2020Q4,2021Q1,2021Q2,2021Q3,2021,2022Q1,2022Q2,2022Q3,2022,2023Q1,2023Q2,2023Q3,2022(duplicate),2023,2024Q1,2024Q2,2024Q3,2021Q4,2022Q4,2023Q4
United States1 ,4351576.5,4374944.5,4479912.75,4416845.0,4470359.75,4506166.25,4526278.25,4627874.75,4553110.0,4606297.5,4654005.0,4698089.0,4871348.5,4790637.5,4839780.75,4897018.5,4957957.25,5040789.75,5127544.25,5187438.0,5224451.0,5278827.25,5332469.25,5385081.25,5436848.5,5370341.75,4869361.0,5284643.5,5369399.25,5509556.5,5685239.75,5800586.0,5828770.25,6185120.0,6312119.0,6430985.25,6436027.0,6703400.25,6765753.0,6902532.0,6501723.25,6930177.25,7156017.25,7254178.5,7343728.5,6319698.75,6815883.75,7349023.75
New England ,230235.5,232825.75,238781.75,234686.5,238172.75,239385.0,242882.5,247704.25,244884.75,246947.0,249654.0,249331.25,260673.0,256634.780449475,259436.26289829,262761.32693831,263859.8057123125,267715.75,271236.75,274043.5,275382.75,280797.75,282740.75,285233.0,286892.0,285634.25,258613.75,279896.25,285639.5,289777.75,299632.0,304885.0,305259.75,321519.5,323930.75,330297.25,328808.25,341723.5,345571.0,352436.0,331040.25,352671.75,366795.75,371235.5,376008.0,326744.25,339485.5,370956.5
Connecticut ,63066.5,63308.75,63232.5,62349.25,63185.25,63416.5,63978.5,64979.5,64722.25,65001.5,65124.25,65070.5,66127.5,65358.94671010175,66001.82193238275,66565.58196837525,66583.54923393675,68213.5,68471.0,69573.75,69468.5,71361.5,71661.5,72123.25,72675.75,71571.75,64453.0,69717.5,70680.5,71278.0,73398.75,74653.0,74598.75,79333.25,79476.75,80956.25,79836.25,83377.0,84115.5,85796.5,80421.5,86478.0,89648.5,90854.25,92080.25,79065.25,79578.75,92623.0
Maine ,13648.0,13875.75,14324.25,13951.5,14288.0,14434.5,14622.5,14823.75,14650.5,14833.75,14877.5,14933.0,15425.75,15234.695969257826,15303.2342475262,15527.91082735785,15636.967921577276,15924.5,16186.5,16358.5,16386.25,16665.5,16763.25,17042.0,17246.25,17524.75,16176.0,17564.0,18006.75,18293.5,18803.5,19166.0,19490.75,20588.0,20878.5,21296.75,21450.25,22327.5,22512.75,22954.5,21623.25,23317.5,24215.0,24468.0,24809.5,21700.0,23037.75,25475.25
Massachusetts ,114733.5,116307.75,121235.75,119185.5,120966.5,121203.0,123588.0,126444.0,124500.25,125708.5,127759.0,127807.75,135744.75,133285.382494016,134984.64047245876,136877.154869844,137831.5794854705,139618.0,142055.0,143376.5,144438.5,147077.0,148577.5,150136.25,150802.5,150109.0,136035.0,146505.0,149827.75,152675.0,157392.5,160509.5,160333.0,168494.0,169780.5,173282.75,172865.25,179249.25,181666.25,185335.75,173903.0,184074.0,191839.75,194036.75,196285.25,170755.0,179903.75,190044.75
New Hampshire ,17695.75,17945.75,18466.75,17986.0,18329.5,18647.5,18904.5,19302.0,19181.5,19323.5,19494.75,19208.0,20412.5,20118.601099480824,20217.63806729595,20694.8767718761,20618.6268769123,20844.75,21067.25,21283.25,21268.75,21834.5,21835.75,21960.0,22003.75,22312.75,20187.5,22222.5,22898.25,23188.25,24686.5,24757.5,24918.25,25808.75,26043.0,26512.25,26256.25,27198.25,27490.5,28016.25,26622.0,28525.25,29690.0,30040.75,30521.5,27040.75,26661.0,31396.0
Rhode Island ,13696.5,13896.25,14013.0,13789.0,13950.25,14093.5,14219.25,14382.25,14110.0,14342.0,14587.0,14490.25,14826.5,14574.478972686975,14825.669293721225,14930.669855557775,14974.9223753971,14933.5,15147.75,15103.25,15403.0,15406.75,15451.25,15442.25,15583.75,15444.0,14072.25,15413.25,15627.0,15585.0,16425.0,16723.5,16642.75,17410.75,17689.75,18013.75,18192.75,18945.75,19129.5,19487.0,18217.25,19393.5,20209.75,20477.75,20782.0,17837.5,19656.75,20011.75
Vermont ,7395.25,7491.5,7509.5,7425.25,7453.25,7590.0,7569.75,7772.75,7720.0,7737.75,7811.75,7821.75,8136.25,8062.6752039318,8103.25888490415,8165.132645298825,8214.15981901885,8181.5,8309.0,8348.25,8417.5,8452.5,8451.5,8529.25,8580.0,8672.0,7689.5,8474.25,8599.25,8758.0,8925.75,9075.5,9276.0,9884.75,10062.25,10235.75,10207.75,10625.75,10656.75,10846.0,10253.0,10883.5,11192.75,11358.0,11529.75,10344.75,10648.25,11405.5
Mideast ,790502.25,795930.5,816814.25,804149.25,816360.75,823232.5,823514.25,843896.75,833043.0,841997.75,846404.75,854141.5,893176.5,879652.4018087875,886672.413978785,898811.2822377775,907570.3261908476,909530.5,923468.75,932890.5,934873.25,952328.75,963294.5,970093.5,977284.5,971198.25,875047.75,944312.25,955694.0,976054.0,998694.25,1016200.5,1026874.75,1084248.0,1100256.75,1120259.5,1112636.5,1152628.25,1163242.75,1184161.25,1118505.75,1186303.25,1223969.75,1242396.5,1258202.5,1116550.25,1145781.75,1245180.75
Delaware ,16159.25,16040.5,17181.0,16981.5,17187.75,17260.75,17294.0,17863.25,17332.75,17702.0,18104.25,18314.0,18115.25,18033.4269591,17874.276267526,18318.67844740535,18234.93272265295,18022.75,18256.25,18615.25,18587.0,19062.5,19231.25,19319.0,19469.75,19268.5,17954.5,19203.75,19359.75,19348.0,19932.0,20386.5,20290.0,21290.75,21668.25,22036.75,22552.0,23074.75,23137.75,23529.0,23139.5,24517.25,25229.5,25600.25,25999.0,21493.5,25212.25,28327.5
District of Columbia ,29132.0,29277.75,30536.5,30161.25,30554.25,30642.75,30787.25,31619.5,31390.25,31551.25,31721.5,31814.75,33942.0,33471.45956292975,33649.56740875775,34429.509600237,34217.784609232,34617.25,34895.0,35492.25,35656.5,35476.5,35652.0,35941.25,36319.5,36835.0,34792.75,36071.75,36855.25,36957.5,37644.25,38292.0,38417.5,39943.75,40182.0,40787.5,41265.25,42796.0,43343.75,44122.75,41442.0,44125.5,45547.5,46229.0,46837.75,40776.25,44147.75,46239.5
Maryland ,87578.25,87731.5,91339.0,90240.5,90848.25,91540.5,92727.0,95609.25,93586.0,95184.25,96253.25,97413.0,99884.5,98370.259120605,99498.56433161275,100268.5265415135,101400.58384785424,101393.25,103021.25,103676.0,104494.0,105180.5,106155.0,107162.5,108249.5,105690.0,96901.75,103770.5,104312.75,107651.75,107829.75,109757.0,110982.5,114845.0,116408.75,118606.0,120028.25,125713.5,127162.5,129113.75,121227.0,128901.75,133128.5,134808.0,136590.5,118691.5,130253.25,133617.25
New Jersey ,139091.5,140069.75,141934.5,138437.0,143031.75,142850.25,143419.0,143832.75,142858.25,142732.5,144588.75,145151.5,150517.25,147905.323403467,150144.9776648805,151806.74302541226,152211.9752898265,153050.5,155016.5,156436.75,157499.0,156564.5,157886.5,159591.0,160742.0,161596.75,142751.5,156218.25,158012.75,162334.0,165473.75,169251.5,170736.5,181569.25,184413.5,188260.5,188737.0,195379.5,197865.0,201722.5,189572.25,201666.25,207846.75,210354.25,212965.75,185886.75,200704.75,211698.0
New York ,352789.25,355971.0,358382.75,353046.0,357975.5,362594.75,359914.75,375013.75,371594.5,375830.25,373856.0,378774.0,401650.25,396219.7643426775,397899.9279182,403282.004615665,409199.60680283,410866.5,417021.25,420992.5,419986.0,436547.75,442886.25,444935.0,447891.75,447298.75,404509.5,434106.5,438844.25,447801.0,460590.75,466982.25,475324.25,502203.25,508728.0,517639.5,512100.75,529579.25,533301.5,542033.25,513189.75,543002.5,561462.25,571091.0,577742.0,525923.0,519832.25,567096.0
Pennsylvania ,165752.0,166840.0,177440.5,175282.75,176763.25,178343.5,179372.5,179958.5,176281.25,178997.75,181880.75,182674.0,189067.25,185652.16842000774,187605.10038780826,190705.82000754424,192305.442918451,191580.5,195258.75,197677.75,198651.0,199497.0,201483.25,203145.0,204612.25,200509.0,178137.75,194941.75,198309.25,201961.5,207224.0,211530.75,211124.0,224395.75,228856.0,232929.25,227953.25,236085.75,238432.25,243639.5,229935.25,244090.25,250755.5,254314.25,258067.5,223779.75,225632.0,258203.5
Great Lakes ,597778.25,600991.25,623568.5,614212.75,620106.5,627252.25,632702.0,643302.5,632652.5,640034.25,647151.25,653372.25,662709.25,653597.9961975175,658551.76053754,666559.567500425,672127.9838442875,681709.25,690028.0,698123.5,701545.25,703905.25,708093.0,715180.0,719755.25,710612.25,639707.0,702385.0,711394.5,729061.25,750025.25,763204.75,764020.75,813778.5,827081.5,840359.0,835188.25,865687.0,872709.0,888992.75,843534.25,896237.25,920350.0,932619.0,943464.75,813791.75,859534.0,957560.25
Illinois ,185672.25,186126.75,194220.5,191910.75,192643.0,196049.75,196278.0,199003.0,197030.25,198302.0,199281.25,201398.75,205635.0,203046.21937263574,204350.0813565475,207051.9921958685,208091.30529282975,212831.75,215147.0,218079.25,219252.5,219543.25,220111.25,222589.5,223339.0,221407.5,201087.0,216571.5,219300.75,226699.5,231863.0,236413.5,236418.5,252496.5,256004.75,260415.75,256416.75,266247.5,268141.0,273061.5,260088.25,274586.5,279582.75,283035.75,285770.25,250698.0,256750.0,290896.0
Indiana ,80168.5,81028.5,84013.25,82414.75,83833.5,84455.25,85349.75,86812.25,85194.75,86158.5,87328.75,88567.5,88068.25,87127.1917020565,87384.97460178075,88163.18158881,89597.32850480925,90448.5,91369.5,92187.0,92795.75,93610.75,94461.0,95394.75,96218.0,96016.25,86097.0,95948.5,97274.75,100923.5,103980.75,105932.25,103243.75,111163.5,113105.5,114699.0,117581.0,122039.25,122823.5,125316.75,118373.25,124875.75,129705.0,130958.0,132665.25,102138.5,131356.0,129323.5
Michigan ,112935.25,113742.0,117083.5,114985.75,116390.25,117532.5,119425.75,122559.5,119800.5,122030.75,123313.0,125094.25,127226.25,125310.357809485,126603.3258263685,127792.09942954325,129199.040268515,129981.5,131502.25,132653.5,132958.75,132437.75,133431.75,135146.5,135872.25,133071.5,116791.75,132062.25,133194.5,135286.25,141502.25,143537.5,143051.5,151366.0,153852.0,156670.0,155640.75,161622.5,163584.0,166113.0,156752.25,168454.5,173078.25,175819.25,177870.25,151880.0,160675.0,182498.5
Ohio ,145891.0,146403.25,152732.0,150715.25,152168.5,153158.0,154886.5,156655.5,153399.25,155819.25,158243.25,159160.25,161436.75,158864.2246237025,160417.4576065635,162591.75578094125,163873.43737505274,165580.25,168269.5,170730.5,171324.75,172003.0,172971.25,174545.25,175842.25,174077.0,156813.25,172204.0,174467.0,177749.75,182099.5,185350.0,189154.25,200744.5,204406.75,207398.5,206497.5,214041.5,215937.25,220217.75,208165.25,221208.5,227563.75,230694.0,233261.0,211417.75,213440.25,234637.5
Wisconsin ,73111.25,73690.5,75519.0,74186.25,75071.5,76056.75,76761.75,78272.0,77228.0,77723.75,78985.0,79151.75,80343.25,79250.002689638,79795.92114627975,80960.538505261,81366.87240308075,82867.25,83740.0,84473.5,85213.25,86310.5,87117.75,87504.25,88483.75,86039.75,78917.75,85599.0,87157.25,88402.5,90579.75,91971.75,92152.75,98007.75,99712.5,101176.0,99052.25,101736.0,102223.0,104283.75,100155.25,107111.75,110420.25,112111.5,113897.75,97657.0,97312.75,120204.25
Plains ,283945.0,285334.75,290722.0,286966.0,290277.75,292677.5,292967.25,298305.0,293613.75,297541.5,299868.25,302196.75,304726.75,301083.6903204075,304648.4819541125,305114.4698226875,308060.461165265,313634.5,319222.25,321705.0,323306.25,326689.0,329624.0,333214.0,335935.25,335883.25,307483.75,332481.0,339750.5,350030.25,362369.75,369225.0,362700.25,384495.25,392948.75,399317.25,399739.5,416565.5,419313.75,427667.75,405238.0,431725.75,437388.25,442944.25,446961.25,369176.0,422196.75,463356.0
Iowa ,42953.75,43059.0,43507.5,42837.75,43399.75,43904.25,43888.25,46295.75,45627.5,46198.5,46592.75,46764.5,45982.5,45543.270288112,46061.50248541275,45880.0662214965,46444.9237617485,46663.25,47544.75,47734.0,47759.5,48071.5,48495.5,49029.25,49061.75,49104.75,45497.25,49234.5,50431.0,52511.25,54985.25,55921.25,54215.0,56193.75,57526.0,58367.0,59585.5,61658.75,61689.0,62704.75,60688.25,63508.0,63480.5,63990.5,64393.75,53442.25,66255.25,67979.5
Kansas ,36488.25,36655.25,37410.25,36922.75,37548.25,37702.25,37467.5,37644.0,37226.25,37612.0,37777.0,37960.25,39777.0,39398.170283742,39666.3614286565,39875.95683962125,40167.744363883,41369.25,42043.25,42344.75,42560.75,43613.0,43990.5,44238.5,44651.25,44720.5,40748.5,44468.25,45204.5,46368.75,47792.5,48569.5,47845.25,51262.75,52318.0,53185.5,52331.5,54817.5,55916.0,57597.0,53153.0,57058.0,57463.75,58529.75,59030.75,48650.25,52559.75,59901.5
Minnesota ,80249.0,80628.75,82085.0,81457.25,81781.25,82094.5,83007.25,84774.0,82607.25,84193.5,85531.25,86763.5,87544.75,86859.959372399,87494.733011479,87351.6689002415,88472.5295525415,90089.25,91919.0,93173.75,93670.5,94558.5,95404.5,96438.0,97376.0,95927.25,87804.5,94233.75,95773.75,98114.25,102240.25,104298.5,103114.75,108707.5,110632.0,112685.75,112008.0,116051.75,116823.5,118897.5,113748.25,120790.5,123255.5,124407.75,125736.5,107806.0,116006.75,131389.25
Missouri ,70459.25,70893.25,73622.75,72265.0,73473.5,74308.0,74444.75,74778.25,74052.5,74726.25,74831.0,75503.25,75940.75,74641.754005247,75806.175905605,76380.29577582426,76934.7669969915,78128.5,79753.25,80296.0,80743.0,81203.25,81557.5,82475.0,83165.0,83870.25,77062.0,83410.0,85024.75,86919.25,89017.5,90739.0,89643.0,95099.75,96599.25,98233.75,99222.5,103939.5,104473.25,106300.75,100066.25,107528.5,110343.5,112041.25,113645.0,91896.25,106957.25,115400.5
Nebraska ,27932.75,28275.25,28320.5,27656.75,28295.75,28748.25,28581.0,29361.5,28965.25,29318.0,29589.75,29573.25,29897.0,29448.26090148875,29943.9366391555,29986.900393111,30208.41595241425,30985.5,31013.25,30806.5,31172.5,31640.5,32212.75,32858.25,33300.25,33689.0,30961.5,33732.25,35056.5,36456.25,37338.75,38055.5,36571.25,39257.5,40315.0,40971.5,41233.5,43698.0,44208.5,45281.75,41870.0,45321.25,45520.75,46309.5,46491.75,34434.5,44390.0,48096.75
North Dakota ,14193.25,14204.25,13965.0,14267.25,14060.75,13954.75,13577.75,13363.25,13250.0,13378.75,13352.25,13471.5,13131.75,12843.522895865975,13214.679786738325,13138.740409191774,13329.638082731624,13595.0,13990.75,14254.5,14242.0,14174.0,14339.25,14299.75,14368.0,14623.5,12627.25,13630.0,13973.25,14925.75,15722.5,16145.75,15890.0,17483.25,18686.25,18792.25,18162.75,18476.75,18272.75,18634.5,18445.0,19010.75,18781.5,18931.0,18805.25,16766.0,17689.25,20659.0
South Dakota ,11668.5,11619.0,11811.0,11559.5,11718.25,11965.5,12001.0,12088.5,11884.75,12114.25,12194.5,12160.25,12453.25,12348.752573553425,12461.092697064674,12500.8412832,12502.4424549541,12803.5,12958.0,13095.5,13158.0,13428.0,13624.25,13875.5,14013.0,13948.0,12782.25,13772.0,14287.0,14734.75,15273.5,15495.0,15421.25,16491.0,16872.25,17081.75,17195.5,17923.5,17930.75,18251.25,17267.25,18508.5,18542.5,18734.5,18858.25,16181.75,18337.0,19928.5
Southeast ,929605.25,937365.0,952665.5,934835.0,947560.5,959922.25,968344.0,988918.75,972711.25,983561.5,994376.5,1005026.25,1029448.25,1014855.2378029,1022395.4209178075,1033641.35848754,1046900.7128006725,1061680.5,1078727.75,1092332.5,1101068.0,1116149.0,1126118.25,1139221.0,1149606.75,1145310.75,1043668.75,1136726.5,1152103.0,1181891.25,1220138.25,1246307.0,1255618.25,1338220.25,1365296.75,1391478.0,1401151.25,1473533.5,1486637.75,1516533.0,1421333.25,1530656.75,1588713.75,1611060.0,1632860.25,1374136.5,1509610.0,1645922.75
Alabama ,50808.75,50828.25,49914.0,49369.75,49754.5,50235.5,50296.25,51406.25,50718.75,51346.0,51490.75,52070.25,52799.0,52091.82753189075,52434.67452087375,52888.83682462325,53781.15097559025,54342.5,55143.0,55785.25,56464.75,56391.25,56731.75,57332.0,57687.5,57948.25,52644.0,57895.25,58409.0,59531.5,60946.75,62247.75,63527.5,67359.0,68849.0,70055.0,70392.25,73760.0,74114.75,75572.25,71237.25,76234.0,78447.5,79520.0,81019.5,71384.0,75306.0,81489.0
Arkansas ,30177.75,30468.25,29726.75,29232.5,29676.75,29999.25,29998.5,30345.75,30001.5,30378.75,30250.75,30751.75,30676.0,30403.44194402075,30623.63247302425,30627.642456006,31048.80222765175,31522.25,32088.25,32258.25,32550.25,32298.25,32617.75,32889.0,33149.0,33118.0,30739.75,33259.25,33633.75,34692.75,35751.0,36481.0,37169.0,40217.5,40944.75,41622.0,41497.25,43681.25,43779.75,44219.5,42151.5,44651.5,46150.25,46549.25,47557.5,41751.25,43204.75,46925.5
Florida ,211444.75,214171.25,222021.75,217138.75,219821.5,223597.0,227529.5,231512.25,226701.25,230048.25,233724.5,235574.75,244096.5,240691.608445179,242046.14310385825,245028.434694939,248619.340035277,255044.25,258069.25,262119.5,264003.5,271910.25,274669.75,278292.5,281627.5,281823.75,258673.5,281583.0,283955.5,290835.5,303365.25,310575.0,313889.5,336082.5,342867.0,350810.25,359766.25,384764.75,390245.0,398836.75,366320.25,400202.75,417609.75,423818.25,429467.75,350782.25,409305.25,426964.5
Georgia ,120041.5,121193.75,124486.0,121861.25,123686.75,125588.0,126808.25,132825.5,131084.5,131542.0,133389.75,135285.5,140902.0,138648.47168039926,139678.54083717024,141683.5129875465,143597.12327649724,144998.25,147085.0,149436.5,150633.75,154109.25,155703.5,157366.5,158534.5,159422.5,146304.0,157563.0,159338.5,163400.0,168905.0,172510.0,172906.75,183710.75,186883.75,190524.0,191844.5,197920.0,199156.5,202823.5,194921.0,207957.0,216271.0,219436.5,221981.0,186812.0,206259.5,231928.0
Kentucky ,47304.25,47753.5,48318.5,47253.0,48150.5,48623.75,49246.25,49170.25,47816.25,48967.75,49824.75,50072.5,50543.75,49660.5615267465,50308.0460494195,50731.96476139475,51474.36164468725,51141.75,51911.5,52266.25,52768.25,53121.5,53571.0,54099.75,54606.5,54492.75,48849.75,54313.25,54884.0,56425.25,57877.75,59075.25,59295.5,63297.75,64573.25,65609.75,64745.25,68084.0,68732.25,70112.25,65385.25,69926.75,71818.25,72777.0,73785.0,63803.75,65500.25,72778.5
Louisiana ,63894.25,63538.75,59826.25,60091.0,60095.0,60041.5,59077.25,59249.75,58994.5,59293.5,59374.5,59336.25,58990.0,58310.421754674,58614.17987326725,59133.303066801,59902.30439269475,62936.25,64163.75,64818.25,65369.75,63931.0,63927.0,64290.5,64769.75,61825.0,54879.0,59190.5,59542.75,60910.25,63324.5,64290.25,64642.75,68174.75,70261.75,71162.5,72988.0,75995.0,76315.5,78333.5,74606.0,78747.25,80763.0,81663.25,82240.25,70046.0,82353.0,84345.0
Mississippi ,26298.5,26435.75,26454.75,25968.75,26351.5,26703.5,26795.25,27123.75,26983.0,27056.0,27114.5,27341.25,27343.75,27147.624251984,27144.6199622855,27427.2737951945,27655.916094602,28168.5,28735.0,28867.75,29063.0,28640.75,28793.75,29126.5,29410.5,29101.75,26247.0,28987.5,29509.25,30111.25,30939.5,31566.0,31827.0,33712.25,34539.0,34966.75,34994.0,36357.75,36301.25,36681.25,35690.5,37786.75,38565.5,39006.5,39637.0,34691.25,36758.0,41806.75
North Carolina ,121711.5,123066.25,123850.5,121544.25,123098.75,124855.0,125904.25,130405.25,128211.0,129446.75,130836.0,133127.5,135124.25,133013.39635609326,134313.92408223925,135611.071828073,137558.18414571774,138000.0,140842.75,141730.75,143117.25,145255.0,147119.25,148779.5,150447.0,150785.0,137475.0,149624.5,151944.5,157026.5,161726.0,165081.75,165530.25,177302.25,180790.75,183981.0,178992.0,188201.5,189575.75,193341.25,182124.75,197025.75,205321.0,208186.75,211285.75,178286.75,173894.0,216984.5
South Carolina ,47736.5,48310.5,50251.25,49112.75,49790.75,50680.5,51421.5,52464.75,51682.0,52251.75,52511.0,53414.0,55422.5,54864.62957997525,55211.4778675765,55587.625352359,56025.9125396095,57135.25,58118.5,58882.0,59794.0,61076.25,61273.75,62277.75,62916.25,61806.5,56945.25,62685.0,63445.25,64922.75,66693.5,68024.25,67450.5,71766.25,73233.0,74740.25,74386.5,78671.25,79549.75,81343.25,75486.25,81855.0,85623.75,87032.0,88012.0,70161.5,77806.5,87855.75
Tennessee ,74842.75,75702.5,78964.25,77046.0,78499.0,79615.5,80696.5,82967.0,81354.0,82338.75,83596.25,84578.5,87392.25,85929.2552000765,86830.20485698726,87912.75552440925,88897.00616645,88779.75,90718.5,92173.5,92433.25,92734.0,93846.75,94795.75,95205.75,95661.5,83928.0,93869.25,96115.5,100198.0,102995.75,105338.0,106781.25,115252.5,117484.5,120012.5,121414.25,128296.75,129404.25,131984.5,122167.5,130758.0,134668.0,136423.75,138367.75,118593.25,132907.5,133346.5
Virginia ,116435.5,117196.0,120271.0,117877.5,119792.0,121218.25,122196.5,123233.0,121375.5,122803.25,123883.25,124870.5,127646.5,125814.56693689874,126900.661320596,128398.06464314475,129472.8443926715,130833.5,132576.5,134303.5,135179.0,137003.5,138067.5,140202.0,141632.25,139780.75,129763.0,138591.75,141400.5,143107.0,146049.25,149006.25,151239.5,158470.25,160688.75,163643.25,165776.5,173237.75,174997.0,178225.0,166670.5,179974.25,187011.5,189809.0,192415.0,166795.5,180303.75,193437.25
West Virginia ,18909.5,18700.0,18580.25,18339.75,18843.0,18764.0,18374.5,18215.25,17789.0,18088.25,18380.5,18603.25,18511.75,18279.432594961974,18289.315970510273,18610.87255305005,18867.766909224974,18778.75,19276.0,19691.5,19691.5,19677.75,19796.25,19769.5,19620.0,19545.0,17220.5,19164.75,19924.75,20730.75,21564.25,22111.5,21358.5,22874.5,24181.0,24351.0,24354.25,24563.75,24465.5,25060.0,24572.5,25538.0,26464.25,26837.75,27091.5,21027.5,26010.5,28062.75
Southwest ,558436.5,554747.25,550076.25,551414.75,552435.25,550841.25,545613.75,545000.75,535991.5,543127.75,548609.25,552274.5,563606.0,552699.0197745975,559132.7356208675,566772.775744025,575819.5875221326,596824.0,609999.75,620334.25,626501.25,623481.0,627359.25,632981.0,637279.75,628497.0,567152.25,613591.0,626595.25,643650.5,666483.0,685144.75,699178.5,760961.5,793179.75,808653.75,811517.5,844281.0,849997.5,874289.0,823773.0,874583.0,899683.0,912004.5,922809.5,801435.75,883275.0,929764.5
Arizona ,72342.0,72541.5,72725.75,71511.25,72423.5,73055.25,73913.0,76462.25,74737.75,75734.5,77513.25,77863.5,81611.5,80227.02928470026,80685.20128113775,82390.965397027,83142.56858186325,85168.25,86368.5,87927.25,88833.25,90345.0,91726.25,93293.25,94754.75,93925.0,87829.5,94712.5,97251.75,98399.75,101447.25,103890.25,105006.75,111599.25,113400.5,115913.5,118913.5,124325.0,125636.5,128126.0,121013.0,130691.75,135264.5,137201.5,138903.5,116289.75,134740.75,144679.5
New Mexico ,23199.5,23328.25,23334.75,23278.75,23516.0,23478.75,23065.75,23398.5,22929.25,23349.5,23497.5,23817.25,23552.75,23279.7827517682,23318.6960180954,23652.54813090355,23959.71409344035,24372.25,24935.5,25396.5,25592.5,25743.0,26170.5,26501.25,26728.5,25817.25,22847.0,24646.5,25161.25,26078.75,26778.75,27400.75,27395.75,29573.0,30589.75,30954.75,31385.25,31932.75,32012.75,32883.75,32034.75,33752.5,34560.75,35023.0,35325.5,29324.75,34423.5,38180.75
Oklahoma ,46567.5,45734.0,46495.25,47605.5,46775.0,46414.75,45185.25,45319.5,44957.5,45564.75,45235.75,45519.75,47158.0,46179.515890071,47087.14494597475,47219.12805972375,48145.9215568405,49527.0,50467.75,51096.0,51463.5,50536.75,50568.5,50529.75,50401.0,49229.5,43628.5,47277.75,47920.75,49100.0,50818.25,52191.25,53834.0,57896.0,60575.75,61226.5,60684.75,62422.5,62582.5,64243.5,61494.0,64172.25,65264.5,66149.0,66830.25,63226.5,63040.75,67440.5
Texas ,416327.5,413143.5,407520.5,409019.25,409721.0,407892.5,403449.75,399820.75,393366.75,398479.0,402362.5,405074.0,411284.0,403012.6918480575,408041.69337566,413510.13415637,420571.38328999,437756.75,448228.0,455914.75,460611.75,456856.5,458894.0,462656.5,465395.5,459525.0,412847.25,446954.0,456261.25,470072.0,487439.0,501662.5,512942.25,561893.25,588613.75,600559.25,600534.25,625600.75,629765.75,649036.0,609231.25,645966.5,664593.25,673631.0,681750.5,592595.5,651070.75,679463.5
Rocky Mountain ,150753.75,152269.25,152975.5,150999.75,153187.0,153870.5,153844.5,158311.75,154930.0,156943.0,159578.25,161795.5,166890.0,163529.0692744385,165360.64504720224,167895.14903380675,170775.192050792,175030.25,178408.0,180592.75,182353.0,186766.25,188985.75,192250.25,194523.25,191901.25,176081.0,189777.75,194040.25,200197.5,206924.75,211401.75,214548.25,231803.5,236974.5,241151.5,243670.75,252661.0,254859.0,260639.25,246632.0,264289.75,271954.25,276299.25,279916.75,239669.0,264753.5,288999.75
Colorado ,77380.0,78376.0,78437.0,77409.5,78537.25,78806.0,78995.75,80661.0,78723.0,79958.5,81543.25,82418.75,86308.25,84620.77731665024,85363.8425167095,86891.14600522476,88357.28645699,90680.25,92619.25,93828.0,94622.25,96006.75,97553.5,99210.0,100215.75,98855.25,89679.0,96268.75,97781.5,100690.25,104406.0,106619.25,109089.75,117953.5,120207.0,122335.0,122822.25,127243.75,128555.75,131467.0,123668.25,132406.75,135602.75,137543.25,139327.0,124643.5,130793.5,142360.5
Idaho ,15887.75,16178.5,16387.25,16165.75,16339.0,16531.0,16513.25,17094.25,16734.0,17005.0,17192.75,17445.5,18073.5,17632.613346933776,17989.116031273974,18148.00772272345,18524.448150680473,18858.75,19170.25,19346.0,19676.75,20414.25,20720.0,21083.25,21447.75,21120.5,19409.0,21367.5,21924.5,22638.0,23352.5,23712.5,24070.75,26449.75,27109.5,27695.25,27717.75,29069.5,29257.0,29952.5,28072.5,30239.5,31236.5,31843.25,32411.0,26580.0,29616.5,32679.0
Montana ,11142.5,11138.75,11309.25,11187.5,11448.75,11385.5,11215.5,11556.75,11455.0,11485.75,11538.25,11748.75,11769.75,11643.0101238368,11754.90440866385,11777.840421643776,11903.2370011929,12297.5,12527.75,12653.75,12847.5,12977.75,13110.5,13337.75,13508.75,12987.0,11998.0,13085.25,13438.75,14113.25,14688.75,15005.0,14675.0,15761.0,16189.25,16434.0,16768.0,17330.5,17448.25,17772.0,17175.5,18313.75,18702.75,18963.75,19048.75,14893.0,18687.75,20704.25
Utah ,35248.0,35681.75,36875.75,36195.75,36686.25,37124.5,37497.0,39417.75,38539.5,38982.5,39736.75,40411.5,41229.25,40358.049285621,40762.98269402625,41583.437260785,42212.53064272025,43586.0,44351.5,44896.5,45303.5,47339.0,47526.25,48494.0,49159.75,49230.0,46691.5,50011.0,51629.5,52930.25,54287.0,55539.25,56335.0,60216.0,61457.75,62603.0,64092.5,66683.25,67248.5,68762.0,65270.25,70332.25,73387.0,74703.75,75841.75,62583.5,72093.25,78635.25
Wyoming ,11095.75,10894.25,9966.0,10041.25,10176.0,10023.5,9623.25,9582.0,9478.5,9511.5,9567.0,9770.75,9509.25,9274.6192013965,9489.799396528575,9494.7176234299,9777.689799208525,9607.75,9739.25,9868.25,9903.25,10028.5,10075.25,10125.25,10191.0,9708.5,8303.75,9045.25,9266.0,9825.75,10190.25,10525.5,10377.5,11423.25,12011.0,12084.0,12270.25,12333.75,12349.5,12685.75,12445.75,12997.75,13025.25,13245.0,13288.5,10968.5,13562.75,14622.0
Far West ,810319.25,815479.75,854309.25,839581.5,852259.5,858985.5,866410.5,902434.75,885282.75,896144.0,908362.25,919950.25,961826.75,940290.9191436525,955322.8499600925,967174.8947950475,984518.4187470624,1005864.75,1027394.5,1038061.0,1049868.25,1059147.5,1076262.75,1086844.0,1105495.5,1067914.25,968478.25,1052458.0,1070016.5,1104343.25,1145441.75,1167672.75,1166463.25,1214490.25,1236204.5,1262717.75,1266693.5,1319282.25,1336340.75,1361031.25,1274729.75,1355357.0,1407872.5,1426129.5,1443510.75,1248395.25,1353361.5,1404773.75
Alaska ,14136.5,13956.0,13186.75,13341.0,13478.75,13123.25,12804.0,12601.0,12510.25,12605.0,12622.5,12666.0,12869.75,12695.879660955476,12745.625025905425,12904.727750654325,13132.805331387975,13390.75,13593.25,13852.5,13897.75,13534.5,13570.0,13612.5,13668.75,13275.75,11486.25,12219.25,12838.75,13041.0,13514.0,13919.25,14337.25,15236.0,16064.25,16282.5,16424.75,16652.25,16588.75,16918.25,16568.0,17014.0,17318.25,17448.5,17535.25,16874.75,18116.25,17896.75
California ,582699.0,585310.25,620337.0,609696.75,618956.5,623212.75,629482.5,655682.75,642246.5,651166.5,660850.5,668467.0,699400.25,683499.2770760675,694944.978378465,703015.025002745,716141.5791707075,732024.0,748155.75,754335.0,763217.75,765797.75,779793.5,785959.25,801250.0,770902.75,700486.75,760552.0,775246.25,801784.75,830426.0,846083.75,843310.25,874431.0,889628.0,908705.25,910410.75,944658.5,956879.5,974539.5,915104.0,967594.75,1006801.0,1020044.5,1033055.25,894946.5,968878.75,994301.5
Hawaii ,19159.5,19240.25,20094.0,19789.75,20007.0,20193.25,20385.75,21167.75,20937.75,21123.5,21253.0,21356.75,22112.0,21928.085161863673,22006.663624624325,22184.37233826805,22328.766894636425,22986.75,23397.25,23572.0,23842.25,23710.0,23777.75,24006.25,24250.25,22581.0,19417.5,20258.75,20627.25,21045.75,22292.5,22986.75,22774.0,23819.75,24244.75,24838.0,25270.75,26526.0,26786.0,27248.25,25788.25,27566.25,28406.0,28734.0,29073.0,24771.0,28180.5,29704.75
Nevada ,34032.5,34548.75,34931.0,34175.5,34801.75,35297.5,35449.75,36569.5,35756.25,36134.25,37192.0,37195.0,39575.5,38801.6913536985,39232.56334740625,39980.11199745525,40287.713681429,41360.75,41982.25,42587.25,43379.5,43636.75,44211.0,44914.0,45438.0,46248.5,37773.5,43039.5,43882.25,45243.25,47699.75,48944.25,48621.75,52107.25,53352.5,54547.0,55734.75,58254.5,59009.0,60358.0,56830.25,61494.75,64100.75,64925.5,65509.0,52599.75,62932.25,68357.5
Oregon ,53959.75,54341.25,54407.25,53328.75,53930.0,55018.5,55351.25,57221.5,56521.25,57073.25,57155.25,58136.0,56788.75,55480.87781444275,56456.76802610675,57087.719979867,58129.16143621975,58708.0,59531.25,60407.5,61136.0,62386.0,62868.0,63696.25,64673.25,62649.25,57135.5,61589.25,62402.75,64141.75,65729.25,67216.0,68047.75,72544.25,73581.25,75422.25,74327.25,77460.25,78397.75,79881.25,74712.0,79721.0,81161.5,82344.5,83366.75,75104.0,75761.25,83144.75
Washington ,106332.0,108083.25,111353.25,109249.5,111085.5,112140.5,112937.25,119192.5,117310.75,118041.5,119289.0,122129.25,131080.75,127885.108076626,129936.25155758375,132002.93772606,134498.39223268276,137394.5,140734.75,143306.5,144395.25,150082.75,152042.75,154655.75,156215.25,152256.5,142179.0,154799.25,155019.0,159086.75,165780.25,168522.75,169372.25,176352.0,179334.0,182922.75,184525.25,195730.5,198680.0,202086.0,185727.25,201966.25,210085.0,212632.25,214971.75,184099.25,199492.25,211368.5
